step,waiting,running,finished,used_blocks,free_blocks,preemptions
0,0,2,0,4,44,0
1,0,4,0,10,38,0
2,0,5,0,13,35,0
3,0,8,0,17,31,0
4,0,12,0,21,27,0
5,4,12,0,25,23,0
6,6,12,0,30,18,0
7,10,12,0,34,14,0
8,12,12,0,39,9,0
9,15,12,0,42,6,0
10,18,12,0,46,2,0
11,29,4,0,46,2,8
12,34,4,0,46,2,8
13,35,4,0,46,2,8
14,39,4,0,46,2,8
15,41,4,0,46,2,8
16,44,4,0,47,1,8
17,49,4,0,47,1,8
18,51,4,0,47,1,8
19,53,4,0,47,1,8
20,58,4,0,47,1,8
21,61,4,0,47,1,8
22,63,4,0,48,0,8
23,65,3,1,48,0,8
24,68,3,1,43,5,8
25,72,3,1,43,5,8
26,73,3,1,43,5,8
27,74,3,1,44,4,8
28,76,3,1,44,4,8
29,76,3,1,44,4,8
30,76,2,2,44,4,8
31,76,2,2,24,24,8
32,76,2,2,24,24,8
33,76,1,3,24,24,8
34,65,12,3,8,40,8
35,65,12,3,12,36,8
36,65,12,3,16,32,8
37,65,12,3,20,28,8
38,65,12,3,26,22,8
39,65,12,3,30,18,8
40,65,12,3,34,14,8
41,65,12,3,37,11,8
42,65,12,3,42,6,8
43,65,12,3,45,3,8
44,74,3,3,40,8,17
45,74,3,3,40,8,17
46,74,3,3,41,7,17
47,74,3,3,41,7,17
48,74,3,3,41,7,17
49,74,3,3,41,7,17
50,74,3,3,42,6,17
51,74,3,3,42,6,17
52,74,3,3,42,6,17
53,74,3,3,42,6,17
54,74,3,3,43,5,17
55,74,3,3,43,5,17
56,74,3,3,43,5,17
57,74,3,3,43,5,17
58,74,3,3,43,5,17
59,74,3,3,43,5,17
60,74,3,3,43,5,17
61,74,3,3,43,5,17
62,74,3,3,44,4,17
63,74,2,4,44,4,17
64,74,2,4,38,10,17
65,74,2,4,38,10,17
66,74,2,4,39,9,17
67,74,2,4,39,9,17
68,74,2,4,39,9,17
69,74,2,4,39,9,17
70,74,2,4,39,9,17
71,74,2,4,39,9,17
72,74,2,4,39,9,17
73,74,2,4,39,9,17
74,74,2,4,39,9,17
75,74,2,4,39,9,17
76,74,2,4,39,9,17
77,74,2,4,39,9,17
78,74,2,4,40,8,17
79,74,2,4,40,8,17
80,74,2,4,40,8,17
81,74,1,5,40,8,17
82,63,12,5,22,26,17
83,63,12,5,26,22,17
84,63,12,5,30,18,17
85,63,12,5,34,14,17
86,63,12,5,38,10,17
87,63,12,5,43,5,17
88,63,12,5,47,1,17
89,71,4,5,45,3,25
90,71,4,5,46,2,25
91,71,4,5,46,2,25
92,71,4,5,46,2,25
93,71,4,5,46,2,25
94,71,4,5,47,1,25
95,71,4,5,48,0,25
96,72,3,5,42,6,26
97,72,3,5,42,6,26
98,72,3,5,42,6,26
99,72,3,5,42,6,26
100,72,3,5,42,6,26
101,72,3,5,42,6,26
102,72,3,5,42,6,26
103,72,3,5,42,6,26
104,72,3,5,42,6,26
105,72,3,5,42,6,26
106,72,2,6,43,5,26
107,62,12,6,30,18,26
108,62,12,6,35,13,26
109,62,12,6,40,8,26
110,62,12,6,44,4,26
111,67,7,6,48,0,31
112,67,7,6,48,0,31
113,68,6,6,46,2,32
114,68,6,6,46,2,32
115,68,6,6,46,2,32
116,68,6,6,47,1,32
117,68,6,6,47,1,32
118,68,6,6,48,0,32
119,68,6,6,48,0,32
120,68,6,6,48,0,32
121,69,5,6,43,5,33
122,69,5,6,43,5,33
123,69,5,6,43,5,33
124,69,5,6,43,5,33
125,69,5,6,43,5,33
126,69,5,6,44,4,33
127,69,5,6,45,3,33
128,69,5,6,45,3,33
129,69,5,6,45,3,33
130,69,5,6,45,3,33
131,69,5,6,45,3,33
132,69,5,6,46,2,33
133,69,5,6,46,2,33
134,69,5,6,47,1,33
135,69,5,6,47,1,33
136,69,5,6,47,1,33
137,69,5,6,48,0,33
138,69,4,7,48,0,33
139,65,8,7,31,17,33
140,65,8,7,36,12,33
141,65,8,7,40,8,33
142,65,7,8,44,4,33
143,65,7,8,35,13,33
144,65,7,8,35,13,33
145,65,7,8,35,13,33
146,65,7,8,35,13,33
147,65,7,8,35,13,33
148,65,7,8,37,11,33
149,65,7,8,37,11,33
150,65,7,8,40,8,33
151,65,7,8,40,8,33
152,65,7,8,40,8,33
153,65,7,8,41,7,33
154,65,7,8,41,7,33
155,65,7,8,41,7,33
156,65,7,8,41,7,33
157,65,7,8,41,7,33
158,65,7,8,42,6,33
159,65,7,8,42,6,33
160,65,7,8,42,6,33
161,65,7,8,42,6,33
162,65,7,8,42,6,33
163,65,7,8,42,6,33
164,65,7,8,44,4,33
165,65,7,8,44,4,33
166,65,7,8,47,1,33
167,65,7,8,47,1,33
168,65,7,8,47,1,33
169,65,6,9,48,0,33
170,65,6,9,43,5,33
171,65,6,9,43,5,33
172,65,6,9,43,5,33
173,65,6,9,43,5,33
174,65,6,9,44,4,33
175,65,6,9,44,4,33
176,65,6,9,44,4,33
177,65,6,9,44,4,33
178,65,5,10,44,4,33
179,65,5,10,36,12,33
180,65,5,10,38,10,33
181,65,5,10,38,10,33
182,65,5,10,40,8,33
183,65,5,10,40,8,33
184,65,5,10,40,8,33
185,65,5,10,40,8,33
186,65,5,10,40,8,33
187,65,5,10,40,8,33
188,65,5,10,40,8,33
189,65,5,10,40,8,33
190,65,5,10,41,7,33
191,65,5,10,41,7,33
192,65,5,10,41,7,33
193,65,5,10,41,7,33
194,65,5,10,41,7,33
195,65,5,10,41,7,33
196,65,5,10,43,5,33
197,65,4,11,43,5,33
198,65,3,12,37,11,33
199,57,11,12,29,19,33
200,57,11,12,33,15,33
201,57,11,12,37,11,33
202,57,11,12,41,7,33
203,57,11,12,45,3,33
204,63,4,13,45,3,39
205,63,4,13,39,9,39
206,63,4,13,40,8,39
207,63,4,13,40,8,39
208,63,4,13,40,8,39
209,63,4,13,40,8,39
210,63,4,13,40,8,39
211,63,4,13,40,8,39
212,63,4,13,41,7,39
213,63,4,13,41,7,39
214,63,4,13,41,7,39
215,63,4,13,41,7,39
216,63,4,13,41,7,39
217,63,4,13,41,7,39
218,63,4,13,41,7,39
219,63,4,13,41,7,39
220,63,4,13,42,6,39
221,63,4,13,43,5,39
222,63,4,13,44,4,39
223,63,4,13,44,4,39
224,63,3,14,44,4,39
225,62,4,14,37,11,39
226,62,4,14,38,10,39
227,62,4,14,38,10,39
228,62,4,14,39,9,39
229,62,4,14,39,9,39
230,62,4,14,39,9,39
231,62,4,14,39,9,39
232,62,3,15,39,9,39
233,62,3,15,28,20,39
234,62,3,15,29,19,39
235,62,3,15,29,19,39
236,62,3,15,30,18,39
237,62,3,15,31,17,39
238,62,3,15,31,17,39
239,62,3,15,31,17,39
240,62,3,15,31,17,39
241,62,3,15,31,17,39
242,62,2,16,31,17,39
243,57,7,16,29,19,39
244,57,7,16,33,15,39
245,57,7,16,37,11,39
246,57,7,16,41,7,39
247,57,7,16,46,2,39
248,60,4,16,44,4,42
249,60,4,16,44,4,42
250,60,4,16,45,3,42
251,60,4,16,45,3,42
252,60,4,16,46,2,42
253,60,4,16,47,1,42
254,60,4,16,47,1,42
255,60,4,16,48,0,42
256,60,4,16,48,0,42
257,60,4,16,48,0,42
258,60,4,16,48,0,42
259,60,4,16,48,0,42
260,60,4,16,48,0,42
261,60,4,16,48,0,42
262,60,4,16,48,0,42
263,60,4,16,48,0,42
264,60,4,16,48,0,42
265,60,4,16,48,0,42
266,61,3,16,46,2,43
267,61,3,16,46,2,43
268,61,3,16,47,1,43
269,61,3,16,48,0,43
270,61,3,16,48,0,43
271,61,3,16,48,0,43
272,61,3,16,48,0,43
273,61,3,16,48,0,43
274,61,3,16,48,0,43
275,61,3,16,48,0,43
276,61,3,16,48,0,43
277,61,3,16,48,0,43
278,61,2,17,48,0,43
279,60,3,17,42,6,43
280,60,3,17,42,6,43
281,60,3,17,42,6,43
282,60,2,18,42,6,43
283,57,5,18,27,21,43
284,57,5,18,33,15,43
285,57,5,18,36,12,43
286,57,4,19,36,12,43
287,49,12,19,20,28,43
288,49,12,19,24,24,43
289,49,12,19,28,20,43
290,49,12,19,31,17,43
291,49,12,19,36,12,43
292,49,12,19,41,7,43
293,49,12,19,45,3,43
294,54,7,19,48,0,48
295,54,7,19,48,0,48
296,54,7,19,48,0,48
297,54,7,19,48,0,48
298,54,7,19,48,0,48
299,55,6,19,44,4,49
300,55,6,19,45,3,49
301,55,6,19,45,3,49
302,55,6,19,47,1,49
303,56,5,19,44,4,50
304,56,5,19,44,4,50
305,56,5,19,44,4,50
306,56,5,19,44,4,50
307,56,5,19,45,3,50
308,56,5,19,45,3,50
309,56,5,19,45,3,50
310,56,5,19,45,3,50
311,56,5,19,45,3,50
312,56,5,19,45,3,50
313,56,5,19,45,3,50
314,56,5,19,45,3,50
315,56,5,19,45,3,50
316,56,5,19,46,2,50
317,56,5,19,46,2,50
318,56,5,19,47,1,50
319,57,4,19,24,24,51
320,57,4,19,24,24,51
321,57,4,19,24,24,51
322,57,4,19,24,24,51
323,57,4,19,25,23,51
324,57,4,19,25,23,51
325,57,4,19,25,23,51
326,57,4,19,25,23,51
327,57,4,19,25,23,51
328,57,4,19,25,23,51
329,57,4,19,25,23,51
330,57,4,19,25,23,51
331,57,4,19,25,23,51
332,57,4,19,26,22,51
333,57,4,19,26,22,51
334,57,4,19,26,22,51
335,57,4,19,28,20,51
336,57,4,19,28,20,51
337,57,4,19,28,20,51
338,57,4,19,28,20,51
339,57,4,19,29,19,51
340,57,4,19,29,19,51
341,57,4,19,29,19,51
342,57,4,19,29,19,51
343,57,4,19,29,19,51
344,57,4,19,29,19,51
345,57,4,19,29,19,51
346,57,4,19,29,19,51
347,57,4,19,29,19,51
348,57,4,19,30,18,51
349,57,4,19,30,18,51
350,57,4,19,30,18,51
351,57,4,19,32,16,51
352,57,4,19,32,16,51
353,57,4,19,32,16,51
354,57,4,19,32,16,51
355,57,4,19,33,15,51
356,57,4,19,33,15,51
357,57,4,19,33,15,51
358,57,3,20,33,15,51
359,57,3,20,22,26,51
360,57,3,20,22,26,51
361,57,2,21,22,26,51
362,47,12,21,18,30,51
363,47,12,21,22,26,51
364,47,12,21,26,22,51
365,47,12,21,30,18,51
366,47,10,23,34,14,51
367,45,12,23,24,24,51
368,45,12,23,29,19,51
369,45,12,23,33,15,51
370,45,12,23,38,10,51
371,45,12,23,42,6,51
372,45,12,23,46,2,51
373,51,6,23,47,1,57
374,51,6,23,48,0,57
375,51,6,23,48,0,57
376,52,5,23,42,6,58
377,52,5,23,44,4,58
378,52,5,23,44,4,58
379,52,5,23,45,3,58
380,52,5,23,45,3,58
381,52,5,23,45,3,58
382,52,5,23,45,3,58
383,52,5,23,45,3,58
384,52,5,23,45,3,58
385,52,5,23,46,2,58
386,52,5,23,46,2,58
387,52,4,24,46,2,58
388,52,4,24,41,7,58
389,52,4,24,41,7,58
390,52,4,24,41,7,58
391,52,4,24,41,7,58
392,52,4,24,41,7,58
393,52,4,24,43,5,58
394,52,4,24,43,5,58
395,52,4,24,44,4,58
396,52,4,24,44,4,58
397,52,4,24,44,4,58
398,52,4,24,44,4,58
399,52,4,24,44,4,58
400,52,4,24,44,4,58
401,52,4,24,45,3,58
402,52,4,24,45,3,58
403,52,4,24,45,3,58
404,52,4,24,45,3,58
405,52,4,24,45,3,58
406,52,4,24,45,3,58
407,52,4,24,45,3,58
408,52,4,24,45,3,58
409,52,4,24,47,1,58
410,52,4,24,47,1,58
411,52,4,24,48,0,58
412,52,4,24,48,0,58
413,52,4,24,48,0,58
414,52,4,24,48,0,58
415,52,4,24,48,0,58
416,52,4,24,48,0,58
417,53,3,24,41,7,59
418,53,3,24,41,7,59
419,53,3,24,41,7,59
420,53,3,24,41,7,59
421,53,3,24,41,7,59
422,53,2,25,41,7,59
423,43,12,25,19,29,59
424,43,12,25,24,24,59
425,43,12,25,29,19,59
426,43,12,25,32,16,59
427,43,11,26,36,12,59
428,42,12,26,33,15,59
429,42,12,26,37,11,59
430,42,12,26,41,7,59
431,42,12,26,45,3,59
432,50,4,26,45,3,67
433,50,4,26,46,2,67
434,50,4,26,46,2,67
435,50,4,26,46,2,67
436,50,3,27,46,2,67
437,50,3,27,37,11,67
438,50,3,27,37,11,67
439,50,3,27,37,11,67
440,50,3,27,38,10,67
441,50,3,27,38,10,67
442,50,3,27,38,10,67
443,50,3,27,38,10,67
444,50,3,27,39,9,67
445,50,3,27,39,9,67
446,50,3,27,39,9,67
447,50,3,27,39,9,67
448,50,3,27,40,8,67
449,50,3,27,40,8,67
450,50,3,27,40,8,67
451,50,3,27,40,8,67
452,50,3,27,40,8,67
453,50,3,27,40,8,67
454,50,3,27,40,8,67
455,50,2,28,40,8,67
456,50,2,28,33,15,67
457,50,2,28,33,15,67
458,50,2,28,33,15,67
459,50,2,28,33,15,67
460,50,2,28,33,15,67
461,50,2,28,33,15,67
462,50,2,28,33,15,67
463,50,2,28,33,15,67
464,50,2,28,34,14,67
465,50,2,28,34,14,67
466,50,2,28,34,14,67
467,50,2,28,34,14,67
468,50,2,28,34,14,67
469,50,2,28,34,14,67
470,50,2,28,34,14,67
471,50,2,28,34,14,67
472,50,2,28,35,13,67
473,50,2,28,35,13,67
474,50,2,28,35,13,67
475,50,2,28,35,13,67
476,50,1,29,35,13,67
477,50,1,29,27,21,67
478,50,1,29,27,21,67
479,50,1,29,27,21,67
480,50,1,29,27,21,67
481,50,1,29,27,21,67
482,50,1,29,27,21,67
483,50,0,30,27,21,67
484,38,12,30,4,44,67
485,38,12,30,8,40,67
486,38,12,30,12,36,67
487,38,12,30,16,32,67
488,38,12,30,21,27,67
489,38,12,30,25,23,67
490,38,12,30,29,19,67
491,38,12,30,33,15,67
492,38,12,30,37,11,67
493,38,12,30,41,7,67
494,38,12,30,45,3,67
495,47,3,30,47,1,76
496,47,3,30,47,1,76
497,47,3,30,47,1,76
498,47,3,30,47,1,76
499,48,2,30,43,5,77
